CHROM,POS,ID,REF,ALT,QUAL,FILTER,RS,RSPOS,dbSNPBuildID,SSR,SAO,VP,GENEINFO,WGT,VC,PM,NSN,REF,ASP,LSD,OM,NSF,REF,ASP,SLO,NSM,SYN,VLD,G5A,G5,KGPhase1,KGPhase3,INT,HD,GNO,CLNALLE,CLNHGVS,CLNSRC,CLNORIGIN,CLNSRCID,CLNSIG,CLNDSDB,CLNDSDBID,CLNDBN,CLNREVSTAT,CLNACC,CAF,Don't know what's thia,COMMON
1,1014143,rs786201005,C,T,.,.,RS=786201005,RSPOS=1014143,dbSNPBuildID=144,SSR=0,SAO=1,VP=0x050060000605000002110100,GENEINFO=ISG15:9636,WGT=1,VC=SNV,PM,NSN,REF,ASP,LSD,OM,,,,,,,,,,,,,,,CLNALLE=1,CLNHGVS=NC_000001.11:g.1014143C>T,CLNSRC=OMIM_Allelic_Variant,CLNORIGIN=1,CLNSRCID=147571.0003,CLNSIG=5,CLNDSDB=MedGen:OMIM,CLNDSDBID=CN221808:616126,CLNDBN=Immunodeficiency_38_with_basal_ganglia_calcification,CLNREVSTAT=no_criteria,CLNACC=RCV000162196.3,,,
1,1014316,rs672601345,C,CG,.,.,RS=672601345,RSPOS=1014319,dbSNPBuildID=142,SSR=0,SAO=1,VP=0x050060001205000002110200,GENEINFO=ISG15:9636,WGT=1,VC=DIV,PM,,,,LSD,,NSF,REF,ASP,,,,,,,,,,,,CLNALLE=1,CLNHGVS=NC_000001.11:g.1014319dupG,CLNSRC=OMIM_Allelic_Variant,CLNORIGIN=1,CLNSRCID=147571.0002,CLNSIG=5,CLNDSDB=MedGen:OMIM,CLNDSDBID=CN221808:616126,CLNDBN=Immunodeficiency_38_with_basal_ganglia_calcification,CLNREVSTAT=no_criteria,CLNACC=RCV000148989.5,,,
1,1014359,rs672601312,G,T,.,.,RS=672601312,RSPOS=1014359,dbSNPBuildID=142,SSR=0,SAO=1,VP=0x050060000605000002110100,GENEINFO=ISG15:9636,WGT=1,VC=SNV,PM,NSN,REF,ASP,LSD,OM,,,,,,,,,,,,,,,CLNALLE=1,CLNHGVS=NC_000001.11:g.1014359G>T,CLNSRC=OMIM_Allelic_Variant,CLNORIGIN=1,CLNSRCID=147571.0001,CLNSIG=5,CLNDSDB=MedGen:OMIM,CLNDSDBID=CN221808:616126,CLNDBN=Immunodeficiency_38_with_basal_ganglia_calcification,CLNREVSTAT=no_criteria,CLNACC=RCV000148988.5,,,
1,1020217,rs115173026,G,T,.,.,RS=115173026,RSPOS=1020217,dbSNPBuildID=132,SSR=0,SAO=1,VP=0x050160000305170036100100,GENEINFO=AGRN:375790,WGT=1,VC=SNV,PM,,,,LSD,,,,,SLO,,SYN,VLD,G5A,G5,KGPhase1,KGPhase3,,,,CLNALLE=2 CLNALLE=1,CLNHGVS=NC_000001.11:g.1020217G>T,CLNSRC=.,CLNORIGIN=1,CLNSRCID=.,CLNSIG=2,CLNDSDB=MedGen,CLNDSDBID=CN169374,CLNDBN=not_specified,CLNREVSTAT=mult,CLNACC=RCV000116272.4,CAF=0.7175,0.2825,COMMON=1
1,1020239,rs201073369,G,AC,.,.,RS=201073369,RSPOS=1020239,dbSNPBuildID=137,SSR=0,SAO=0,VP=0x050100000a05040026000100,GENEINFO=AGRN:375790,WGT=1,VC=SNV,,,,,,,,,,SLO,NSM,,VLD,,,,KGPhase3,INT,,,,CLNHGVS=NC_000001.11:g.1020239G>C,CLNSRC=.,CLNORIGIN=1,CLNSRCID=.,CLNSIG=255,CLNDSDB=MedGen,CLNDSDBID=CN169374,CLNDBN=not_specified,CLNREVSTAT=conf,CLNACC=RCV000193277.2,CAF=0.9912,0.008786,COMMON=1
1,1022188,rs115704555,A,G,.,.,RS=115704555,RSPOS=1022188,dbSNPBuildID=132,SSR=0,SAO=0,VP=0x050100080005150436000100,GENEINFO=AGRN:375790,WGT=1,VC=SNV,,,,,,,,,,SLO,,,VLD,,G5,KGPhase1,KGPhase3,,HD,,CLNALLE=1,CLNHGVS=NC_000001.11:g.1022188A>G,CLNSRC=.,CLNORIGIN=1,CLNSRCID=.,CLNSIG=2,CLNDSDB=MedGen,CLNDSDBID=CN169374,CLNDBN=not_specified,CLNREVSTAT=single,CLNACC=RCV000250556.1,CAF=0.9858,0.01418,COMMON=1
1,1022225,rs756623659,G,A,.,.,RS=756623659,RSPOS=1022225,dbSNPBuildID=144,SSR=0,SAO=0,VP=0x050000000a05000002000100,GENEINFO=AGRN:375790,WGT=1,VC=SNV,,,,,,,,,,,,,,,,,,,HD,,,CLNHGVS=NC_000001.11:g.1022225G>A,CLNSRC=.,CLNORIGIN=1,CLNSRCID=.,CLNSIG=5,CLNDSDB=MedGen:Orphanet,CLNDSDBID=C0751882:ORPHA590,CLNDBN=Congenital_myasthenic_syndrome,CLNREVSTAT=no_criteria,CLNACC=RCV000235037.1,,,
1,1022260,rs6657048,C,T,.,.,RS=6657048,RSPOS=1022260,dbSNPBuildID=116,SSR=0,SAO=1,VP=0x05016000030515053f100100,GENEINFO=AGRN:375790,WGT=1,VC=SNV,PM,,,ASP,LSD,,,,,SLO,,SYN,VLD,,G5,KGPhase1,KGPhase3,,,GNO,CLNALLE=1,CLNHGVS=NC_000001.11:g.1022260C>T,CLNSRC=.,CLNORIGIN=1,CLNSRCID=.,CLNSIG=255,CLNDSDB=MedGen,CLNDSDBID=CN169374,CLNDBN=not_specified,CLNREVSTAT=conf,CLNACC=RCV000116258.3,CAF=0.9673,0.03275,COMMON=1
1,1022313,rs879253787,A,T,.,.,RS=879253787,RSPOS=1022313,dbSNPBuildID=147,SSR=0,SAO=0,VP=0x050060000a05000002100100,GENEINFO=AGRN:375790,WGT=1,VC=SNV,PM,,,ASP,LSD,,,,,,NSM,,,,,,,,,,CLNALLE=1,CLNHGVS=NC_000001.11:g.1040679C>T   CLNHGVS=NC_000001.11:g.1022313A>T,CLNSRC=.,CLNORIGIN=1,CLNSRCID=.,CLNSIG=5,CLNDSDB=MedGen:Orphanet,CLNDSDBID=C0751882:ORPHA590,CLNDBN=Congenital_myasthenic_syndrome,CLNREVSTAT=no_criteria,CLNACC=RCV000235021.1,,,
1,1040679,rs544749044,C,T,.,.,RS=544749044,RSPOS=1040679,dbSNPBuildID=142,SSR=0,SAO=0,VP=0x050000000305040026000100,GENEINFO=AGRN:375790,WGT=1,VC=SNV,,,REF,ASP,,,,,,,,SYN,VLD,,,,KGPhase3,,,,CLNALLE=1,CLNHGVS=NC_000001.11:g.1041174C>G,CLNSRC=.,CLNORIGIN=1,CLNSRCID=.,CLNSIG=255,CLNDSDB=MedGen,CLNDSDBID=CN169374,CLNDBN=not_specified,CLNREVSTAT=conf,CLNACC=RCV000195231.2,CAF=0.999,0.0009984,COMMON=1
1,1041174,rs191270495,C,G,.,.,RS=191270495,RSPOS=1041174,dbSNPBuildID=135,SSR=0,SAO=0,VP=0x050100000305150036000100,GENEINFO=AGRN:375790,WGT=1,VC=SNV,,,,ASP,,,,,,SLO,,SYN,VLD,,G5,KGPhase1,KGPhase3,,,,CLNALLE=1,CLNHGVS=NC_000001.11:g.1041183C>T,CLNSRC=.,CLNORIGIN=1,CLNSRCID=.,CLNSIG=2,CLNDSDB=MedGen,CLNDSDBID=CN169374,CLNDBN=not_specified,CLNREVSTAT=single,CLNACC=RCV000241878.1,CAF=0.9744,0.02556,COMMON=1
1,1041183,rs536085218,C,T,.,.,RS=536085218,RSPOS=1041183,dbSNPBuildID=142,SSR=0,SAO=0,VP=0x050100000305040026000100,GENEINFO=AGRN:375790,WGT=1,VC=SNV,,,,ASP,,,,,,SLO,,SYN,VLD,,,,KGPhase3,,,,CLNALLE=1,CLNHGVS=NC_000001.11:g.1041218C>T,CLNSRC=.,CLNORIGIN=1,CLNSRCID=.,CLNSIG=2,CLNDSDB=MedGen,CLNDSDBID=CN169374,CLNDBN=not_specified,CLNREVSTAT=single,CLNACC=RCV000246662.1,CAF=0.9902,0.009784,COMMON=1
1,1041218,rs200607541,C,T,.,.,RS=200607541,RSPOS=1041218,dbSNPBuildID=137,SSR=0,SAO=0,VP=0x050000000a05040026000100,GENEINFO=AGRN:375790,WGT=1,VC=SNV,,,,ASP,,,,,,,NSM,,VLD,,,,KGPhase3,,,GNO,,CLNHGVS=NC_000001.11:g.1041582C>T,CLNSRC=.,CLNORIGIN=1,CLNSRCID=.,CLNSIG=2,CLNDSDB=MedGen,CLNDSDBID=CN169374,CLNDBN=not_specified,CLNREVSTAT=single,CLNACC=RCV000249809.1,CAF=0.9944,0.005591,COMMON=1
1,1041249,rs113789806,C,T,.,.,RS=113789806,RSPOS=1041249,dbSNPBuildID=132,SSR=0,SAO=1,VP=0x050160000305150136100100,GENEINFO=AGRN:375790,WGT=1,VC=SNV,PM,,,,LSD,,,,,SLO,,SYN,VLD,,G5,KGPhase1,KGPhase3,,,,CLNALLE=1,CLNHGVS=NC_000001.11:g.1041648G>T CLNHGVS=NC_000001.11:g.1041249C>T,CLNSRC=.,CLNORIGIN=1,CLNSRCID=.,CLNSIG=2,CLNDSDB=MedGen,CLNDSDBID=CN169374,CLNDBN=not_specified,CLNREVSTAT=single,CLNACC=RCV000116282.1,CAF=0.9589,,COMMON=1
1,1041582,rs587777299,C,T,.,.,RS=587777299,RSPOS=1041582,dbSNPBuildID=147,SSR=0,SAO=1,VP=0x050060000605000002110100,GENEINFO=AGRN:375790,WGT=1,VC=SNV,PM,NSN,REF,ASP,LSD,OM,,,ASP,,,,,,,,,,HD,,,,CLNSRC=OMIM_Allelic_Variant,CLNORIGIN=1,CLNSRCID=103320.0003,CLNSIG=5|5,CLNDSDB=MedGen:OMIM|MedGen:Orphanet,CLNDSDBID=C3808739:615120|C0751882:ORPHA590,CLNDBN=Myasthenic_syndrome\x2c_congenital\x2c_8|Congenital_myasthenic_syndrome,CLNREVSTAT=no_criteria|no_criteria,CLNACC=RCV000114428.4|RCV000235030.1,,,
1,1041583,rs150359724,A,G,.,.,RS=150359724,RSPOS=1041583,dbSNPBuildID=134,SSR=0,SAO=1,VP=0x050160000a05140436100100,GENEINFO=AGRN:375790,WGT=1,VC=SNV,PM,,,ASP,LSD,,,,,SLO,NSM,,VLD,,,KGPhase1,KGPhase3,,HD,,CLNALLE=1,CLNHGVS=NC_000001.11:g.1042140dupC CLNHGVS=NC_000001.11:g.1041583A>G,CLNSRC=.,CLNORIGIN=1,CLNSRCID=.,CLNSIG=3,CLNDSDB=MedGen,CLNDSDBID=CN169374,CLNDBN=not_specified,CLNREVSTAT=no_criteria,CLNACC=RCV000116253.2,CAF=0.9874,0.01258,
1,1041648,rs138031468,G,T,.,.,RS=138031468,RSPOS=1041648,dbSNPBuildID=134,SSR=0,SAO=0,VP=0x050000000a05040436000100,GENEINFO=AGRN:375790,WGT=1,VC=SNV,,,,ASP,,,,,,,NSM,,VLD,,,KGPhase1,KGPhase3,INT,,,CLNALLE=1,,CLNSRC=.,CLNORIGIN=1,CLNSRCID=.,CLNSIG=3,CLNDSDB=MedGen,CLNDSDBID=CN169374,CLNDBN=not_specified,CLNREVSTAT=mult,CLNACC=RCV000243499.2,CAF=0.9976,0.002396,COMMON=1
1,1041950,rs2799066,T,C,.,.,RS=2799066,RSPOS=1041950,dbSNPBuildID=100,SSR=0,SAO=1,VP=0x05016008000515013e100100,GENEINFO=AGRN:375790,WGT=1,VC=SNV,PM,,,,LSD,,,,,SLO,,,VLD,,G5,KGPhase1,KGPhase3,,,GNO,CLNALLE=1,CLNHGVS=NC_000001.11:g.1041950T>C,CLNSRC=.,CLNORIGIN=1,CLNSRCID=.,CLNSIG=2,CLNDSDB=MedGen,CLNDSDBID=CN169374,CLNDBN=not_specified,CLNREVSTAT=mult,CLNACC=RCV000116254.2,CAF=0.1148,0.8852,
1,1042136,rs879253788,T,TC,.,.,RS=879253788,RSPOS=1042140,dbSNPBuildID=147,SSR=0,SAO=0,VP=0x050060001205000002100200,GENEINFO=AGRN:375790,WGT=1,VC=DIV,PM,,,,LSD,,NSF,REF,ASP,,,,,,,,,,,,,,CLNSRC=.,CLNORIGIN=1,CLNSRCID=.,CLNSIG=5,CLNDSDB=MedGen:Orphanet,CLNDSDBID=C0751882:ORPHA590,CLNDBN=Congenital_myasthenic_syndrome,CLNREVSTAT=no_criteria,CLNACC=RCV000235036.1,,,